{
    "packageName": "Echo Speaks (Beta)",
    "author": "Anthony S.",
    "version": "4.2.4.0",
    "minimumHEVersion": "2.2.4",
    "dateReleased": "2023-08-21",
    "documentationLink": "https://tonesto7.github.io/echo-speaks-docs",
    "communityLink": "https://community.hubitat.com/t/beta-echo-speaks-v4/66503",
    "licenseFile": "",
    "releaseNotes": "Please see Changelog at https://raw.githubusercontent.com/tonesto7/echo-speaks/beta/CHANGELOG.md for recent changes.",
    "apps": [
        {
            "id": "4216cb09-591c-452d-9dc7-20f330de8624",
            "name": "Echo Speaks",
            "namespace": "tonesto7",
            "location": "https://raw.githubusercontent.com/tonesto7/echo-speaks/beta/apps/echo-speaks.groovy",
            "required": true,
            "oauth": true,
            "version": "4.2.4.0"
        },
        {
            "id": "cd4762db-aa0b-4d32-98ca-06de955dbc33",
            "name": "Echo Speaks - Actions",
            "namespace": "tonesto7",
            "location": "https://raw.githubusercontent.com/tonesto7/echo-speaks/beta/apps/echo-speaks-actions.groovy",
            "required": true,
            "oauth": false,
            "version": "4.2.4.0"
        },
        {
            "id": "50ad91a0-eb51-4d6f-98d2-f1654221baa9",
            "name": "Echo Speaks - Zones",
            "namespace": "tonesto7",
            "location": "https://raw.githubusercontent.com/tonesto7/echo-speaks/beta/apps/echo-speaks-zones.groovy",
            "required": true,
            "oauth": false,
            "version": "4.2.4.0"
        }
    ],
    "drivers": [
        {
            "id": "f3aa1a73-d2d2-4620-b9e6-2eb32f847d45",
            "name": "Echo Speaks Device",
            "namespace": "tonesto7",
            "location": "https://raw.githubusercontent.com/tonesto7/echo-speaks/beta/drivers/echo-speaks-device.groovy",
            "required": true,
            "version": "4.2.4.0"
        },
        {
            "id": "afac5950-3dc0-4109-95ec-79aa3c7ef208",
            "name": "Echo Speaks Zone Device",
            "namespace": "tonesto7",
            "location": "https://raw.githubusercontent.com/tonesto7/echo-speaks/beta/drivers/echo-speaks-zone-device.groovy",
            "required": true,
            "version": "4.2.4.0"
        }
    ]
}
